Title,Price,URL
Iphone 6S,99,https://newyork.craigslist.org/mnh/mob/d/new-york-iphone-6s/7269935026.html
olloclip 4-IN-1 Lens for iPhone 6/6s and 6/6s Plus,15,https://newyork.craigslist.org/mnh/pho/d/new-york-city-olloclip-in-lens-for/7255845244.html
Iphone 6s and 4s,130,https://newyork.craigslist.org/brk/mob/d/brooklyn-iphone-6s-and-4s/7267777813.html
Mophie Juice Pack Ultra for iPhone 6S,50,https://newyork.craigslist.org/lgi/ele/d/baldwin-mophie-juice-pack-ultra-for/7260795204.html
BELKIN battery case for IPhone 6/6s/7),100,https://newyork.craigslist.org/brk/mob/d/brooklyn-belkin-battery-case-for-iphone/7269586839.html
Cover case for iphone 6/6s-otter,10,https://newyork.craigslist.org/que/ele/d/middle-village-cover-case-for-iphone-6s/7263722263.html
Cover case for iphone 6/6s-otter,10,https://newyork.craigslist.org/que/ele/d/middle-village-cover-case-for-iphone-6s/7267296749.html
Cover case for iphone 6/6s-otter,10,https://newyork.craigslist.org/que/ele/d/middle-village-cover-case-for-iphone-6s/7269448249.html
CELL PHONE CASES FOR IPHONE 6/6S/6 PLUS,1,https://newyork.craigslist.org/mnh/ele/d/new-york-city-cell-phone-cases-for/7256418177.html
iPhone 6S,200,https://newyork.craigslist.org/lgi/ele/d/holtsville-iphone-6s/7269255477.html
iPhone 6 6s Battery,10,https://newyork.craigslist.org/brk/ele/d/iphone-6s-battery/7265322812.html
IPhone 6s unlocked (like new),120,https://newyork.craigslist.org/brx/mob/d/bronx-iphone-6s-unlocked-like-new/7259584246.html
Unlocked Rose Gold iPhone 6s 128gb,175,https://newyork.craigslist.org/brk/mob/d/brooklyn-unlocked-rose-gold-iphone-6s/7269131798.html
IPHONE 6S 128GB AT&T,170,https://newyork.craigslist.org/que/mob/d/maspeth-iphone-6s-128gb-att/7268981619.html
(New)RoseGold Slot Zipper Pocket Wallet for iPhone 6 Plus/6S Plus,4,https://newyork.craigslist.org/mnh/for/d/brooklyn-newrosegold-slot-zipper-pocket/7261312495.html
IPHONE 6S 128GB AT&T,170,https://newyork.craigslist.org/que/mob/d/maspeth-iphone-6s-128gb-att/7268971101.html
Waterproof iPhone 6S Case with GoPro Style Mount,20,https://newyork.craigslist.org/mnh/for/d/new-york-waterproof-iphone-6s-case-with/7258916800.html
Apple iPhone 6s Plus Rose Gold 64gb T-Mobile Sprint,130,https://newyork.craigslist.org/que/mob/d/elmhurst-apple-iphone-6s-plus-rose-gold/7268929149.html
Apple iPhone 6S A1688 64GB Space Gray Unlocked Battery Case,100,https://newyork.craigslist.org/mnh/ele/d/new-york-apple-iphone-6s-gb-space-gray/7263450225.html
iPhone 6s,100,https://newyork.craigslist.org/que/mob/d/forest-hills-iphone-6s/7254825486.html
Topeak iPhone 6 Plus/6s Plus Waterproof Ridecase,10,https://newyork.craigslist.org/que/bop/d/corona-topeak-iphone-plus-6s-plus/7263254575.html
Bluetooth Shutter Selfie Cases for iPhone 6/6s/7/8 and 6/7/8 Plus,5,https://newyork.craigslist.org/brk/ele/d/brooklyn-bluetooth-shutter-selfie-cases/7268592730.html
Selfie Stick Case for iPhone 6/6S,5,https://newyork.craigslist.org/brk/ele/d/brooklyn-selfie-stick-case-for-iphone-6s/7268593045.html
Leather Phone Case with Belt Clip for iPhone 6/6s/7/8_ Galaxy s6/s7/j3,5,https://newyork.craigslist.org/brk/ele/d/brooklyn-leather-phone-case-with-belt/7268592022.html
iPhone 6S White 64GB Unlocked Looks and Works great,160,https://newyork.craigslist.org/brk/mob/d/brooklyn-iphone-6s-white-64gb-unlocked/7266702369.html
prynt photo printer case for iPhone 6_ 6s_ 7,30,https://newyork.craigslist.org/mnh/mob/d/new-york-city-prynt-photo-printer-case/7268457505.html
Maxboost iPhone 6 6S iPhone Cell Mobile Phone Back Case Cover,8,https://newyork.craigslist.org/que/mob/d/maspeth-maxboost-iphone-6s-iphone-cell/7259750547.html
Brown Jetech Apple iPhone 6 6S Cell Mobile Phone Case Cover,5,https://newyork.craigslist.org/que/mob/d/maspeth-brown-jetech-apple-iphone-6s/7259750566.html
GREAT CONDITION iPhone 7 for AT&T Wireless 6 6S X,140,https://newyork.craigslist.org/que/mob/d/maspeth-great-condition-iphone-for-att/7256553142.html
iPhone 6S PLUS 32GB Cell Phone for Boost Mobile,145,https://newyork.craigslist.org/que/mob/d/maspeth-iphone-6s-plus-32gb-cell-phone/7265716743.html
‚≠êNICE ‚≠ê iPhone 7 Cell Phone for Boost Mobile 6s 8,150,https://newyork.craigslist.org/que/mob/d/maspeth-nice-iphone-cell-phone-for/7261219318.html
GREAT CONDITION iPhone 7 for AT&T Wireless 6 6S X,150,https://newyork.craigslist.org/que/mob/d/maspeth-great-condition-iphone-for-att/7261222797.html
GOLD iPhone 6S PLUS Cell Phone 16GB Cricket Mobile,150,https://newyork.craigslist.org/que/mob/d/maspeth-gold-iphone-6s-plus-cell-phone/7265721812.html
NICE iPhone 6S 16GB UNLOCKED Cell Phone,120,https://newyork.craigslist.org/que/mob/d/maspeth-nice-iphone-6s-16gb-unlocked/7257915072.html
MINT iPhone 6S PLUS 32GB Cell Phone for Cricket Mobile,160,https://newyork.craigslist.org/que/mob/d/maspeth-mint-iphone-6s-plus-32gb-cell/7258136637.html
VERY NICE UNLOCKED 32GB iPhone SE Phone 6 6S,115,https://newyork.craigslist.org/que/mob/d/maspeth-very-nice-unlocked-32gb-iphone/7261821770.html
iPhone 6s 32GB - Great Condition,80,https://newyork.craigslist.org/brk/ele/d/brooklyn-iphone-6s-32gb-great-condition/7268268874.html
IPHONE 6S 128GB SILVER UNLOCKED,125,https://newyork.craigslist.org/mnh/mob/d/iphone-6s-128gb-silver-unlocked/7254538337.html
Tempered glass display protector Iphone 6 plus_ 6s plus. 7 plus,7,https://newyork.craigslist.org/mnh/mob/d/new-york-tempered-glass-display/7264786837.html
2 iPhone 4s_ 1 Broken iPad 2_ and 1 Broken iPhone 6s,40,https://newyork.craigslist.org/mnh/ele/d/new-york-city-iphone-4s-broken-ipad-and/7253222256.html
iPhone 6S+ Silver 64G,80,https://newyork.craigslist.org/mnh/ele/d/new-york-iphone-6s-silver-64g/7267742757.html
iPhone 6s 64GB Verizon - includes all (unused) accessories,200,https://newyork.craigslist.org/mnh/mob/d/new-york-iphone-6s-64gb-verizon/7267554195.html
IPHONE 6S 128GB AT&T,170,https://newyork.craigslist.org/que/mob/d/maspeth-iphone-6s-128gb-att/7261379514.html
IPHONE 6S 128GB AT&T,170,https://newyork.craigslist.org/que/mob/d/middle-village-iphone-6s-128gb-att/7261380329.html
IPHONE 6S 128GB AT&T,170,https://newyork.craigslist.org/que/mob/d/maspeth-iphone-6s-128gb-att/7261868117.html
IPHONE 6S 128GB AT&T,170,https://newyork.craigslist.org/que/mob/d/maspeth-iphone-6s-128gb-att/7263816472.html
IPhone 6S+ Silver,80,https://newyork.craigslist.org/mnh/ele/d/new-york-iphone-6s-silver/7264257990.html
iPhone 6S phone covers.,0,https://newyork.craigslist.org/brk/zip/d/brooklyn-iphone-6s-phone-covers/7267344854.html
Two Cases for iPhone 8/7/6s/6 - New & Lightly Used,8,https://newyork.craigslist.org/que/mob/d/flushing-two-cases-for-iphone-7-6s-new/7267219177.html
iPhone 6s 16GB,100,https://newyork.craigslist.org/brk/mob/d/brooklyn-iphone-6s-16gb/7267093149.html
speck Candy Shell iPhone 6/6s case,10,https://newyork.craigslist.org/wch/mob/d/pound-ridge-speck-candy-shell-iphone-6s/7259866874.html
Iphone 6s 64g unlocked,150,https://newyork.craigslist.org/brk/mob/d/brooklyn-iphone-6s-64g-unlocked/7257711102.html
iPhone 6s,100,https://newyork.craigslist.org/mnh/ele/d/new-york-iphone-6s/7266724642.html
IPHONE XR BROKEN SCREEN LCD REPAIR SPECIAL $120 HIGH QUALITY SCREEN,120,https://newyork.craigslist.org/que/mob/d/flushing-iphone-xr-broken-screen-lcd/7258158789.html
iphone x xs xr 11 broken screen repair * done while you wait,120,https://newyork.craigslist.org/que/mob/d/flushing-iphone-xs-xr-11-broken-screen/7258667692.html
We Buy Apple and Galaxy Watches Iphone 11_ 12 Pro Max Iphone XS Max XR,0,https://newyork.craigslist.org/brk/wad/d/brooklyn-we-buy-apple-and-galaxy/7269773610.html
Maxboost Glass Screen Protector for iPhone 7_ iPhone 8_ iPhone SE 2020,5,https://newyork.craigslist.org/mnh/atq/d/new-york-maxboost-glass-screen/7266675224.html
Top iphones Buyer We Buy Iphone 12 Iphone 11 Pro Max XS Max XR X 8+,2000,https://newyork.craigslist.org/brk/wad/d/brooklyn-top-iphones-buyer-we-buy/7269674152.html
BUYING IPHONE 95% IPAD AIR 80% NEST DYSONE CANON CAMERA SURFACE 65%,9999,https://newyork.craigslist.org/brk/wad/d/brooklyn-buying-iphone-95-ipad-air-80/7269555426.html
Top iphones Buyer We Buy Iphone 12 Iphone 11 Pro Max XS Max XR X 8+,0,https://newyork.craigslist.org/que/wad/d/forest-hills-top-iphones-buyer-we-buy/7269548150.html
Top iphones Buyer We Buy Iphone 12 Iphone 11 Pro Max XS Max XR X 8+,2000,https://newyork.craigslist.org/brk/wad/d/brooklyn-top-iphones-buyer-we-buy/7269526538.html
5BUYING IPHONE 95% IPAD AIR 80% NEST DYSONE CANON CAMERA MACBOOK 75%,9999,https://newyork.craigslist.org/brk/wad/d/brooklyn-5buying-iphone-95-ipad-air-80/7269486768.html
BUYING GO PRO 8 9 MAX GALAXY TABS AIRPOD WIRELESS PRO IPHONE 95%,9999,https://newyork.craigslist.org/que/wad/d/forest-hills-buying-go-pro-9-max-galaxy/7269485721.html
Mejor comprador de iphone 12 Pro Max Iphone XS Max XR XS X 8 Plus,0,https://newyork.craigslist.org/wch/wad/d/millwood-mejor-comprador-de-iphone-12/7269439710.html
Top Apple iPhone Smartphone Cash Buyer,0,https://newyork.craigslist.org/brk/wad/d/brooklyn-top-apple-iphone-smartphone/7269364540.html
Genuine Apple iPhone charger adapter & USB lightning cable se 2020 box,10,https://newyork.craigslist.org/brk/mob/d/brooklyn-genuine-apple-iphone-charger/7266425605.html
3M Privacy & Screen Protector for Apple iPhone,12,https://newyork.craigslist.org/que/mob/d/flushing-3m-privacy-screen-protector/7266885116.html
Top iphones Buyer We Buy Iphone 12 Iphone 11 Pro Max XS Max XR X 8+,0,https://newyork.craigslist.org/que/wad/d/forest-hills-top-iphones-buyer-we-buy/7269174798.html
Top iphones Buyer We Buy Iphone 12 Iphone 11 Pro Max XS Max XR X 8+,2000,https://newyork.craigslist.org/brk/wad/d/brooklyn-top-iphones-buyer-we-buy/7269155858.html
BUYING GALAXY TAB S7 DYSON NEST 60% IPHONE 95% MACBOOK 80%,9999,https://newyork.craigslist.org/brk/wad/d/brooklyn-buying-galaxy-tab-s7-dyson/7269076125.html
Top Iphone Buyer We Buy Iphone 12 Pro Max Iphone XS Max XR XS X 8 Plus,0,https://newyork.craigslist.org/wch/wad/d/millwood-top-iphone-buyer-we-buy-iphone/7269050782.html
WE BUY IPHONE 95% IPAD air MACBOOK 80% NEST DYSON 60% GIFT CARD 80%,9999,https://newyork.craigslist.org/que/wad/d/forest-hills-we-buy-iphone-95-ipad-air/7268989215.html
Top iphones Buyer We Buy Iphone 12 Iphone 11 Pro Max XS Max XR X 8+,0,https://newyork.craigslist.org/que/wad/d/forest-hills-top-iphones-buyer-we-buy/7268981114.html
iPhone SE 32g,50,https://newyork.craigslist.org/que/mob/d/flushing-iphone-se-32g/7268827690.html
Top iphones Buyer We Buy Iphone 12 Iphone 11 Pro Max XS Max XR X 8+,2000,https://newyork.craigslist.org/brk/wad/d/brooklyn-top-iphones-buyer-we-buy/7268683053.html
Top iphones Buyer We Buy Iphone 12 Iphone 11 Pro Max XS Max XR X 8+,0,https://newyork.craigslist.org/que/wad/d/forest-hills-top-iphones-buyer-we-buy/7268531579.html
Top iPhone Buyer We Buy iPhone 12 Mini Pro Max 11 Pro Max XS XR X 8,0,https://newyork.craigslist.org/lgi/wad/d/hempstead-top-iphone-buyer-we-buy/7268529682.html
WE BUY IPHONE 95% IPAD air MACBOOK 80% NEST DYSON 60% GIFT CARD 85%,9999,https://newyork.craigslist.org/que/wad/d/forest-hills-we-buy-iphone-95-ipad-air/7268521905.html
Top iphones Buyer We Buy Iphone 12 Iphone 11 Pro Max XS Max XR X 8+,2000,https://newyork.craigslist.org/brk/wad/d/brooklyn-top-iphones-buyer-we-buy/7268517784.html
We Buy Apple and Galaxy Watches Iphone 11_ 12 Pro Max Iphone XS Max XR,0,https://newyork.craigslist.org/brk/wad/d/brooklyn-we-buy-apple-and-galaxy/7268484043.html
Top Iphone Buyer We Buy Iphone 12 Pro Max Iphone XS Max XR XS X 8 Plus,0,https://newyork.craigslist.org/brk/wad/d/brooklyn-top-iphone-buyer-we-buy-iphone/7268414974.html
IPHONE GLASS CHANGE STARTING AT 19,19,https://newyork.craigslist.org/que/mob/d/south-richmond-hill-iphone-glass-change/7268172841.html
Top iphones Buyer We Buy Iphone 12 Iphone 11 Pro Max XS Max XR X 8+,0,https://newyork.craigslist.org/que/wad/d/forest-hills-top-iphones-buyer-we-buy/7268098254.html
WANTED NEST 60% IPHONE 95% IPAD air 80% MACBOOK PRO 75% GIFT CARDS 80%,9876,https://newyork.craigslist.org/brx/wad/d/bronx-wanted-nest-60-iphone-95-ipad-air/7268076430.html
Top iPhone Buyer We Buy iPhone 12 Mini Pro Max 11 Pro Max XS XR X 8,0,https://newyork.craigslist.org/lgi/wad/d/hempstead-top-iphone-buyer-we-buy/7268067945.html
Top iphones Buyer We Buy Iphone 12 Iphone 11 Pro Max XS Max XR X 8+,2000,https://newyork.craigslist.org/brk/wad/d/brooklyn-top-iphones-buyer-we-buy/7268062994.html
We Buy Apple and Galaxy Watches Iphone 11_ 12 Pro Max Iphone XS Max XR,0,https://newyork.craigslist.org/brk/wad/d/brooklyn-we-buy-apple-and-galaxy/7267971690.html
Top iphones Buyer We Buy Iphone 12 Iphone 11 Pro Max XS Max XR X 8+,0,https://newyork.craigslist.org/que/wad/d/forest-hills-top-iphones-buyer-we-buy/7267956362.html
Top Apple iPhone Smartphone Cash Buyer Top Iphone Buyer We Buy Iphone,0,https://newyork.craigslist.org/brk/wad/d/brooklyn-top-apple-iphone-smartphone/7267830824.html
We Buy Apple and Galaxy Watches Iphone 11_ 12 Pro Max Iphone XS Max XR,0,https://newyork.craigslist.org/brk/wad/d/brooklyn-we-buy-apple-and-galaxy/7267535670.html
Top iPhone Buyer We Buy iPhone 12 Mini Pro Max 11 Pro Max XS XR X 8,0,https://newyork.craigslist.org/lgi/wad/d/hempstead-top-iphone-buyer-we-buy/7267523347.html
Top Apple iPhone Smartphone Cash Buyer Top iPhone Buyer We Buy iPhone,0,https://newyork.craigslist.org/brk/wad/d/brooklyn-top-apple-iphone-smartphone/7267500179.html
Top iphones Buyer We Buy Iphone 12 Iphone 11 Pro Max XS Max XR X 8+,2000,https://newyork.craigslist.org/brk/wad/d/brooklyn-top-iphones-buyer-we-buy/7267411146.html
We Buy Apple and Galaxy Watches Iphone 11_ 12 Pro Max Iphone XS Max XR,0,https://newyork.craigslist.org/brk/wad/d/brooklyn-we-buy-apple-and-galaxy/7267326722.html
Top iphones Buyer We Buy Iphone 12 Iphone 11 Pro Max XS Max XR X 8+,0,https://newyork.craigslist.org/que/wad/d/forest-hills-top-iphones-buyer-we-buy/7267098308.html
Top iphones Buyer We Buy Iphone 12 Iphone 11 Pro Max XS Max XR X 8+,0,https://newyork.craigslist.org/que/wad/d/forest-hills-top-iphones-buyer-we-buy/7267063773.html
BUYING GIFT CARDS IPHONE 95% LAPTOPS 60% GO PRO 9 NEST YALE,0,https://newyork.craigslist.org/brk/wad/d/brooklyn-buying-gift-cards-iphone-95/7267048537.html
BUYING IPAD AIR 80% IPHONE 95% MACBOOK PRO 80% IWATCH HP LAPTOP 60%,9999,https://newyork.craigslist.org/brk/wad/d/brooklyn-buying-ipad-air-80-iphone-95/7266997155.html
Iphone Buyer We Buy Iphone 12 Pro Max Iphone XS Max XR XS X 8 Plus,0,https://newyork.craigslist.org/brk/wad/d/brooklyn-iphone-buyer-we-buy-iphone-12/7266938850.html
*****IPHONE BOXES FOR SALE*****,1,https://newyork.craigslist.org/lgi/mob/d/farmingdale-iphone-boxes-for-sale/7264789974.html
We Buy Apple and Galaxy Watches Iphone 11_ 12 Pro Max Iphone XS Max XR,0,https://newyork.craigslist.org/brk/wad/d/brooklyn-we-buy-apple-and-galaxy/7266729248.html
Top iphones Buyer We Buy Iphone 12 Iphone 11 Pro Max XS Max XR X 8+,2000,https://newyork.craigslist.org/brk/wad/d/brooklyn-top-iphones-buyer-we-buy/7266622924.html
We Buy Apple and Galaxy Watches Iphone 11_ 12 Pro Max Iphone XS Max XR XS X 8 Pl,0,https://newyork.craigslist.org/brk/wad/d/brooklyn-we-buy-apple-and-galaxy/7266414786.html
Top iPhone Buyer We Buy iPhone 12 Mini Pro Max 11 Pro Max XS XR X 8,0,https://newyork.craigslist.org/lgi/wad/d/hempstead-top-iphone-buyer-we-buy/7266545879.html
....................... CASH FOR IPHONE .............,0,https://newyork.craigslist.org/que/wad/d/astoria-cash-for-iphone/7266489525.html
üí∞BEST BUYER!!! We Buy Iphone 11 Pro Max Iphone XS Max XR XS X 8 Plus,0,https://newyork.craigslist.org/brx/wad/d/bronx-best-buyer-we-buy-iphone-11-pro/7266390907.html
Top iphones Buyer We Buy Iphone 12 Iphone 11 Pro Max XS Max XR X 8+,0,https://newyork.craigslist.org/que/wad/d/forest-hills-top-iphones-buyer-we-buy/7266234007.html
Top iphones Buyer We Buy Iphone 12 Iphone 11 Pro Max XS Max XR X 8+,2000,https://newyork.craigslist.org/brk/wad/d/brooklyn-top-iphones-buyer-we-buy/7266174599.html
BUYING IPAD AIR 80% IPHONE 95% MACBOOK PRO 80% IWATCH HP LAPTOP 60%,9999,https://newyork.craigslist.org/brk/wad/d/brooklyn-buying-ipad-air-80-iphone-95/7266158264.html
BUYING IPHONE 95% IPAD AIR 80% NEST DYSONE CANON CAMERA SURFACE 65%,9999,https://newyork.craigslist.org/brk/wad/d/brooklyn-buying-iphone-95-ipad-air-80/7266080120.html
Top Iphone Buyer We Buy Iphone 12 Pro Max Iphone XS Max XR XS X 8 Plus,0,https://newyork.craigslist.org/brx/wad/d/brooklyn-top-iphone-buyer-we-buy-iphone/7266073617.html
Top Iphone Buyer We Buy Iphone 12 Pro Max Iphone XS Max XR XS X 8 Plus,0,https://newyork.craigslist.org/brk/wad/d/brooklyn-top-iphone-buyer-we-buy-iphone/7266069058.html
Top iphones Buyer We Buy Iphone 12 Iphone 11 Pro Max XS Max XR X 8+,0,https://newyork.craigslist.org/que/wad/d/forest-hills-top-iphones-buyer-we-buy/7266063424.html
TOP IPHONE BUYER We Buy Iphone 11 Pro Max Iphone XS Max XR XS X 8 Plus,0,https://newyork.craigslist.org/mnh/wad/d/new-york-top-iphone-buyer-we-buy-iphone/7266046041.html
Top iphones Buyer We Buy Iphone 12 Iphone 11 Pro Max XS Max XR X 8+,2000,https://newyork.craigslist.org/brk/wad/d/brooklyn-top-iphones-buyer-we-buy/7266023802.html
BUYING GIFT CARDS IPHONE 95% LAPTOPS 60% GO PRO 9 NEST YALE,0,https://newyork.craigslist.org/brk/wad/d/brooklyn-buying-gift-cards-iphone-95/7265998802.html
Top iphones Buyer We Buy Iphone 12 Iphone 11 Pro Max XS Max XR X 8+,0,https://newyork.craigslist.org/que/wad/d/forest-hills-top-iphones-buyer-we-buy/7265706999.html
Top iphones Buyer We Buy Iphone 12 Iphone 11 Pro Max XS Max XR X 8+,2000,https://newyork.craigslist.org/brk/wad/d/brooklyn-top-iphones-buyer-we-buy/7265651718.html
We Buy Apple and Galaxy Watches Iphone 11_ 12 Pro Max Iphone XS Max XR XS X 8 Pl,0,https://newyork.craigslist.org/mnh/wad/d/brooklyn-we-buy-apple-and-galaxy/7265521144.html
We Buy Apple and Galaxy Watches Iphone 11_ 12 Pro Max Iphone XS Max XR XS X 8 Pl,0,https://newyork.craigslist.org/brk/wad/d/brooklyn-we-buy-apple-and-galaxy/7265523616.html
